{"cameraMode":{"drawMode":0,"name":"Shaded","section":"Shading Mode"},"sceneLighting":true,"audioPlay":false,"sceneViewState":{"showFog":true,"showMaterialUpdate":false,"showSkybox":true,"showFlares":true,"showImageEffects":true,"showParticleSystems":true},"in2DMode":false,"pivot":{"x":-227.67591857910157,"y":278.56182861328127,"z":2.7120361328125},"rotation":{"x":0.009009971283376217,"y":0.06803543120622635,"z":0.0006073066033422947,"w":-0.9976770281791687},"size":866.025390625,"orthographic":false}