{"cameraMode":{"drawMode":0,"name":"Shaded","section":"Shading Mode"},"sceneLighting":true,"audioPlay":false,"sceneViewState":{"showFog":true,"showMaterialUpdate":false,"showSkybox":true,"showFlares":true,"showImageEffects":true,"showParticleSystems":true},"in2DMode":false,"pivot":{"x":-52.84135055541992,"y":53.87302780151367,"z":-22.947908401489259},"rotation":{"x":0.27265986800193789,"y":0.6445426940917969,"z":-0.26492542028427126,"w":0.66337651014328},"size":12.523710250854493,"orthographic":false}